Date,Tournament,Time Controls,Round,# of Rounds
2026-10-06,MCC Tuesday Junior Opening Cup,25 min + 5 sec,1,4
2026-10-13,MCC Tuesday Junior Opening Cup,,2,
2026-10-20,MCC Tuesday Junior Opening Cup,,3,
2026-10-27,MCC Tuesday Junior Opening Cup,,4,
2026-11-03,MCC Tuesday Junior Tournament #1,25 min + 5 sec,1,5
2026-11-10,MCC Tuesday Junior Tournament #1,,2,
2026-11-17,MCC Tuesday Junior Tournament #1,,3,
2026-11-24,MCC Tuesday Junior Tournament #1,,4,
2026-12-01,MCC Tuesday Junior Tournament #1,,5,
2026-12-08,Christmas Party & Simuls,,,
2026-12-15,Closed -  Winter Break,,,
2026-12-22,Closed -  Winter Break,,,
2026-12-29,Closed -  Winter Break,,,
2027-01-05,Closed -  Winter Break,,,